-- phpMyAdmin SQL Dump
-- version 5.2.1
-- https://www.phpmyadmin.net/
--
-- Host: 127.0.0.1
-- Generation Time: Sep 18, 2025 at 07:26 AM
-- Server version: 10.4.32-MariaDB
-- PHP Version: 8.2.12

SET SQL_MODE = "NO_AUTO_VALUE_ON_ZERO";
START TRANSACTION;
SET time_zone = "+00:00";


/*!40101 SET @OLD_CHARACTER_SET_CLIENT=@@CHARACTER_SET_CLIENT */;
/*!40101 SET @OLD_CHARACTER_SET_RESULTS=@@CHARACTER_SET_RESULTS */;
/*!40101 SET @OLD_COLLATION_CONNECTION=@@COLLATION_CONNECTION */;
/*!40101 SET NAMES utf8mb4 */;

--
-- Database: `online_shop`
--

-- --------------------------------------------------------

--
-- Table structure for table `cart`
--

CREATE TABLE `cart` (
  `cart_id` int(11) NOT NULL,
  `user_id` int(11) DEFAULT NULL,
  `product_id` int(11) DEFAULT NULL,
  `quantity` int(11) NOT NULL,
  `added_at` timestamp NOT NULL DEFAULT current_timestamp()
) ENGINE=InnoDB DEFAULT CHARSET=utf8mb4 COLLATE=utf8mb4_general_ci;

--
-- Dumping data for table `cart`
--

INSERT INTO `cart` (`cart_id`, `user_id`, `product_id`, `quantity`, `added_at`) VALUES
(1, 2, 2, 1, '2025-08-14 02:32:49'),
(2, 3, 1, 2, '2025-08-14 02:32:49');

-- --------------------------------------------------------

--
-- Table structure for table `categories`
--

CREATE TABLE `categories` (
  `category_id` int(11) NOT NULL,
  `category_name` varchar(100) NOT NULL
) ENGINE=InnoDB DEFAULT CHARSET=utf8mb4 COLLATE=utf8mb4_general_ci;

--
-- Dumping data for table `categories`
--

INSERT INTO `categories` (`category_id`, `category_name`) VALUES
(1, 'อิเล็กทรอนิกส์'),
(2, 'เครื่องเขียน'),
(3, 'เสื้อผ้า');

-- --------------------------------------------------------

--
-- Table structure for table `orders`
--

CREATE TABLE `orders` (
  `order_id` int(11) NOT NULL,
  `user_id` int(11) DEFAULT NULL,
  `total_amount` decimal(10,2) NOT NULL,
  `order_date` timestamp NOT NULL DEFAULT current_timestamp(),
  `status` enum('pending','processing','shipped','completed','cancelled') DEFAULT 'pending'
) ENGINE=InnoDB DEFAULT CHARSET=utf8mb4 COLLATE=utf8mb4_general_ci;

--
-- Dumping data for table `orders`
--

INSERT INTO `orders` (`order_id`, `user_id`, `total_amount`, `order_date`, `status`) VALUES
(1, 2, 834.00, '2025-08-14 02:32:49', 'processing');

-- --------------------------------------------------------

--
-- Table structure for table `order_items`
--

CREATE TABLE `order_items` (
  `order_item_id` int(11) NOT NULL,
  `order_id` int(11) DEFAULT NULL,
  `product_id` int(11) DEFAULT NULL,
  `quantity` int(11) NOT NULL,
  `price` decimal(10,2) NOT NULL
) ENGINE=InnoDB DEFAULT CHARSET=utf8mb4 COLLATE=utf8mb4_general_ci;

--
-- Dumping data for table `order_items`
--

INSERT INTO `order_items` (`order_item_id`, `order_id`, `product_id`, `quantity`, `price`) VALUES
(1, 1, 1, 1, 599.00),
(2, 1, 2, 2, 35.00),
(3, 1, 3, 1, 199.00);

-- --------------------------------------------------------

--
-- Table structure for table `products`
--

CREATE TABLE `products` (
  `product_id` int(11) NOT NULL,
  `product_name` varchar(150) NOT NULL,
  `description` text DEFAULT NULL,
  `price` decimal(10,2) NOT NULL,
  `stock` int(11) DEFAULT 0,
  `category_id` int(11) DEFAULT NULL,
  `created_at` timestamp NOT NULL DEFAULT current_timestamp(),
  `image` varchar(255) DEFAULT NULL
) ENGINE=InnoDB DEFAULT CHARSET=utf8mb4 COLLATE=utf8mb4_general_ci;

--
-- Dumping data for table `products`
--

INSERT INTO `products` (`product_id`, `product_name`, `description`, `price`, `stock`, `category_id`, `created_at`, `image`) VALUES
(1, 'หูฟังไร้สาย', 'หูฟัง Bluetooth คุณภาพเสียงดี', 599.00, 50, 1, '2025-08-14 02:32:49', NULL),
(2, 'สมุดโน้ต', 'สมุดโน้ตขนาด A5', 35.00, 100, 2, '2025-08-14 02:32:49', NULL),
(3, 'เสื้อยืดคอกลม', 'เสื้อยืดสีขาวคอกลม', 199.00, 80, 3, '2025-08-14 02:32:49', NULL),
(5, 'Torch', 'เปิดไฟได้', 100.00, 60, 1, '2025-09-18 03:56:55', 'product_1758170172.jpg');

-- --------------------------------------------------------

--
-- Table structure for table `shipping`
--

CREATE TABLE `shipping` (
  `shipping_id` int(11) NOT NULL,
  `order_id` int(11) DEFAULT NULL,
  `address` varchar(255) NOT NULL,
  `city` varchar(100) DEFAULT NULL,
  `postal_code` varchar(20) DEFAULT NULL,
  `phone` varchar(20) DEFAULT NULL,
  `shipping_status` enum('not_shipped','shipped','delivered') DEFAULT 'not_shipped'
) ENGINE=InnoDB DEFAULT CHARSET=utf8mb4 COLLATE=utf8mb4_general_ci;

--
-- Dumping data for table `shipping`
--

INSERT INTO `shipping` (`shipping_id`, `order_id`, `address`, `city`, `postal_code`, `phone`, `shipping_status`) VALUES
(1, 1, '123 ถนนหลัก เขตเมือง', 'กรุงเทพมหานคร', '10100', '0812345678', 'shipped');

-- --------------------------------------------------------

--
-- Table structure for table `users`
--

CREATE TABLE `users` (
  `user_id` int(11) NOT NULL,
  `username` varchar(50) NOT NULL,
  `password` varchar(255) NOT NULL,
  `email` varchar(100) NOT NULL,
  `full_name` varchar(100) DEFAULT NULL,
  `role` enum('admin','member') DEFAULT 'member',
  `created_at` timestamp NOT NULL DEFAULT current_timestamp()
) ENGINE=InnoDB DEFAULT CHARSET=utf8mb4 COLLATE=utf8mb4_general_ci;

--
-- Dumping data for table `users`
--

INSERT INTO `users` (`user_id`, `username`, `password`, `email`, `full_name`, `role`, `created_at`) VALUES
(1, 'admin1', 'admin_pass', 'admin1@example.com', 'Admin One', 'admin', '2025-08-14 02:32:49'),
(2, 'member1', 'member_pass', 'member1@example.com', 'John Doe', 'member', '2025-08-14 02:32:49'),
(3, 'member2', 'member_pass', 'member2@example.com', 'Jane Smith', 'member', '2025-08-14 02:32:49'),
(8, 's', '$2y$10$ZDoqjFaFOAys/jkul13oBeh.LLkiOZVER7NKb.MMWNH/9kVEN7Vvm', '664230010@webmail.npru.ac.th', 'w', 'admin', '2025-08-14 03:45:08'),
(9, 'shiryu', '$2y$10$zJu3wN7BzSuOile2KAXum.qcm50z2sUYmjmB8FO.bbJP3tcbJGGbi', 'shiryu2548@gmail.com', 's', 'admin', '2025-08-14 04:39:03'),
(10, 'shiryu150', '$2y$10$dRp2OgdUKuGFBQWoXaLAtOWVSFJKSQyTTtAYUVX/59bm8NG..0qGq', 'shiryu254@gmail.com', 's', 'member', '2025-08-14 04:41:38'),
(11, 'cc', '$2y$10$jeB5Pk7FeLO0WM5wipRrl.ks5l0Ggr8QFRQJ7LGwda0Ihqm9MdPb2', 's1@gmail.com', 'cctv', 'member', '2025-08-14 05:18:36'),
(15, 'ss', '$2y$10$fFjYCzfzCT64y8Be9OBuhOJ8QvzrZs.WTybtxsH6ujx7eA8wmNGgq', 'user@mail.com', 'sss', 'admin', '2025-09-18 02:49:58'),
(16, 's150', '$2y$10$cNFMnSnYcOG3NTa1WaX7u.uSUS9NtRPg54OBWSgP2F41YHsEHyZTK', 'shiryu2548@hotmail.com', 's115500', 'member', '2025-09-18 05:22:01');

--
-- Indexes for dumped tables
--

--
-- Indexes for table `cart`
--
ALTER TABLE `cart`
  ADD PRIMARY KEY (`cart_id`),
  ADD KEY `user_id` (`user_id`),
  ADD KEY `product_id` (`product_id`);

--
-- Indexes for table `categories`
--
ALTER TABLE `categories`
  ADD PRIMARY KEY (`category_id`);

--
-- Indexes for table `orders`
--
ALTER TABLE `orders`
  ADD PRIMARY KEY (`order_id`),
  ADD KEY `user_id` (`user_id`);

--
-- Indexes for table `order_items`
--
ALTER TABLE `order_items`
  ADD PRIMARY KEY (`order_item_id`),
  ADD KEY `order_id` (`order_id`),
  ADD KEY `product_id` (`product_id`);

--
-- Indexes for table `products`
--
ALTER TABLE `products`
  ADD PRIMARY KEY (`product_id`),
  ADD KEY `category_id` (`category_id`);

--
-- Indexes for table `shipping`
--
ALTER TABLE `shipping`
  ADD PRIMARY KEY (`shipping_id`),
  ADD KEY `order_id` (`order_id`);

--
-- Indexes for table `users`
--
ALTER TABLE `users`
  ADD PRIMARY KEY (`user_id`),
  ADD UNIQUE KEY `username` (`username`),
  ADD UNIQUE KEY `email` (`email`);

--
-- AUTO_INCREMENT for dumped tables
--

--
-- AUTO_INCREMENT for table `cart`
--
ALTER TABLE `cart`
  MODIFY `cart_id` int(11) NOT NULL AUTO_INCREMENT, AUTO_INCREMENT=3;

--
-- AUTO_INCREMENT for table `categories`
--
ALTER TABLE `categories`
  MODIFY `category_id` int(11) NOT NULL AUTO_INCREMENT, AUTO_INCREMENT=4;

--
-- AUTO_INCREMENT for table `orders`
--
ALTER TABLE `orders`
  MODIFY `order_id` int(11) NOT NULL AUTO_INCREMENT, AUTO_INCREMENT=2;

--
-- AUTO_INCREMENT for table `order_items`
--
ALTER TABLE `order_items`
  MODIFY `order_item_id` int(11) NOT NULL AUTO_INCREMENT, AUTO_INCREMENT=4;

--
-- AUTO_INCREMENT for table `products`
--
ALTER TABLE `products`
  MODIFY `product_id` int(11) NOT NULL AUTO_INCREMENT, AUTO_INCREMENT=6;

--
-- AUTO_INCREMENT for table `shipping`
--
ALTER TABLE `shipping`
  MODIFY `shipping_id` int(11) NOT NULL AUTO_INCREMENT, AUTO_INCREMENT=2;

--
-- AUTO_INCREMENT for table `users`
--
ALTER TABLE `users`
  MODIFY `user_id` int(11) NOT NULL AUTO_INCREMENT, AUTO_INCREMENT=17;

--
-- Constraints for dumped tables
--

--
-- Constraints for table `cart`
--
ALTER TABLE `cart`
  ADD CONSTRAINT `cart_ibfk_1` FOREIGN KEY (`user_id`) REFERENCES `users` (`user_id`) ON DELETE CASCADE,
  ADD CONSTRAINT `cart_ibfk_2` FOREIGN KEY (`product_id`) REFERENCES `products` (`product_id`) ON DELETE CASCADE;

--
-- Constraints for table `orders`
--
ALTER TABLE `orders`
  ADD CONSTRAINT `orders_ibfk_1` FOREIGN KEY (`user_id`) REFERENCES `users` (`user_id`) ON DELETE SET NULL;

--
-- Constraints for table `order_items`
--
ALTER TABLE `order_items`
  ADD CONSTRAINT `order_items_ibfk_1` FOREIGN KEY (`order_id`) REFERENCES `orders` (`order_id`) ON DELETE CASCADE,
  ADD CONSTRAINT `order_items_ibfk_2` FOREIGN KEY (`product_id`) REFERENCES `products` (`product_id`) ON DELETE CASCADE;

--
-- Constraints for table `products`
--
ALTER TABLE `products`
  ADD CONSTRAINT `products_ibfk_1` FOREIGN KEY (`category_id`) REFERENCES `categories` (`category_id`) ON DELETE SET NULL;

--
-- Constraints for table `shipping`
--
ALTER TABLE `shipping`
  ADD CONSTRAINT `shipping_ibfk_1` FOREIGN KEY (`order_id`) REFERENCES `orders` (`order_id`) ON DELETE CASCADE;
COMMIT;

/*!40101 SET CHARACTER_SET_CLIENT=@OLD_CHARACTER_SET_CLIENT */;
/*!40101 SET CHARACTER_SET_RESULTS=@OLD_CHARACTER_SET_RESULTS */;
/*!40101 SET COLLATION_CONNECTION=@OLD_COLLATION_CONNECTION */;
